<?xml version="1.0" encoding="UTF-8"?>
<!DOCTYPE mapper PUBLIC "-//mybatis.org//DTD Mapper 3.0//EN" "http://mybatis.org/dtd/mybatis-3-mapper.dtd">
<mapper namespace="com.gem.bbs.mapper.AnswerMapper">
    <resultMap id="baseResultMap" type="com.gem.bbs.entity.Answer">
        <id column="id" jdbcType="INTEGER" property="id"></id>
        <result column="content" jdbcType="VARCHAR" property="content"></result>
        <result column="questionid" jdbcType="INTEGER" property="questionid"></result>
        <result column="userid" jdbcType="INTEGER" property="userid"></result>
        <result column="isaccept" jdbcType="CHAR" property="isaccept"></result>
        <result column="likes" jdbcType="INTEGER" property="INTEGER"></result>
        <result column="createtime" jdbcType="DATE" property="createtime"></result>

    </resultMap>


    <insert id="insert"  parameterType="com.gem.bbs.entity.Answer">
        insert into answer(id ,content, questionid,userid, isaccept,likes, createtime)
        values (#{id},#{content},#{questionid},#{userid},#{isaccept},#{likes},#{createtime})
    </insert>

    <!--通过问题id得到，该问题的回复帖子-->
    <select id="getTotalAnswerById" parameterType="Integer" resultMap="baseResultMap">
      select * from answer
        where questionid=#{questionid}

    </select>

</mapper>