<?xml version="1.0" encoding="UTF-8"?>
<!DOCTYPE mapper PUBLIC "-//mybatis.org//DTD Mapper 3.0//EN" "http://mybatis.org/dtd/mybatis-3-mapper.dtd">
<mapper namespace="com.gem.bbs.mapper.UserMapper">

    <resultMap id="baseResultMap" type="com.gem.bbs.entity.User">
        <id column="id" jdbcType="INTEGER" property="id"></id>
        <result column="loginname" jdbcType="VARCHAR" property="loginname" />
        <result column="password" jdbcType="VARCHAR" property="password" />
        <result column="username" jdbcType="VARCHAR" property="username" />
        <result column="nickname" jdbcType="VARCHAR" property="nickname" />
        <result column="avatar" jdbcType="VARCHAR" property="avatar"/>
        <result column="createtime" jdbcType="DATE" property="createtime" />
    </resultMap>

    <!--根据登录名查询用户是否存在, 返回类型是User -->
    <select id="findUserByLoginname" parameterType="String" resultMap="baseResultMap">
        select * from user where loginname =  #{loginname}
    </select>

    <insert id="insert" parameterType="com.gem.bbs.entity.User" >
        insert into user(id, loginname,password, username, nickname, avatar, createtime)
        values(#{id}, #{loginname},#{password}, #{username}, #{nickname}, #{avatar},#{createtime})
    </insert>
    <delete id="deleteById" parameterType="INTEGER">
        delete from user where id =#{id}
    </delete>

</mapper>