<?xml version="1.0" encoding="UTF-8"?>
<!DOCTYPE mapper PUBLIC "-//mybatis.org//DTD Mapper 3.0//EN" "http://mybatis.org/dtd/mybatis-3-mapper.dtd">
<mapper namespace="com.select.mapper.StudentMapper">

    <insert id="insertStudent" parameterType="com.select.entity.Student">
        insert into student(id, password, name, sex, year, major)
                values(#{id},#{password},#{name},#{sex},#{year},#{major})
    </insert>

    <select id="selectAll" resultType="com.select.entity.Student">
        select * from student
    </select>

    <select id="selectById" parameterType="Integer" resultType="com.select.entity.Student">
      select * from student where id=#{id}

    </select>
    <update id="updateStudent" parameterType="com.select.entity.Student">
        update student set name=#{name},password=#{password},sex=#{sex}, year=#{year},major=#{major} where id=#{id}


    </update>
    <delete id="deleteById" parameterType="Integer">
      delete from student where id =#{id}
    </delete>


</mapper>